{"stats":{"minecraft:dropped":{"minecraft:iron_sword":1,"spore:spine_fragment":2,"minecraft:birch_planks":8,"minecraft:dark_oak_stairs":2,"biomesoplenty:pink_daffodil":3,"spore:biomass_block":5,"minecraft:oak_log":2,"minecraft:crafting_table":1,"minecraft:crossbow":2,"spore:rooted_biomass":3,"minecraft:jungle_planks":5,"biomesoplenty:fir_sapling":2,"minecraft:flint":9,"minecraft:emerald":60,"minecraft:dirt":25,"minecraft:dark_oak_wood":8,"minecraft:stripped_dark_oak_wood":1,"minecraft:gold_nugget":1,"minecraft:sand":1,"minecraft:dark_oak_planks":4,"minecraft:bone":1,"minecraft:gravel":16,"minecraft:note_block":4,"minecraft:stone_axe":2,"minecraft:sugar_cane":1,"minecraft:cobbled_deepslate":304,"minecraft:wheat":2,"minecraft:rotten_flesh":3,"minecraft:oak_planks":11,"minecraft:carrot":17,"minecraft:leather_chestplate":2,"minecraft:gunpowder":1,"minecraft:oak_wood":1,"minecraft:jungle_stairs":1,"minecraft:beetroot_seeds":1,"minecraft:quartz_block":1,"minecraft:hopper":2,"minecraft:ladder":2,"minecraft:spruce_slab":27,"spore:infested_clay":1,"minecraft:iron_bars":4,"spore:armads":1,"minecraft:glass":8,"minecraft:stone_brick_stairs":1,"spore:armor_fragment":2,"minecraft:crimson_planks":1,"minecraft:water_bucket":1,"minecraft:iron_ingot":8,"minecraft:oak_slab":8,"minecraft:wheat_seeds":33,"minecraft:oak_fence":5,"minecraft:cobblestone":60,"minecraft:apple":1,"minecraft:amethyst_block":1,"minecraft:granite":62,"spore:infected_spear":1,"minecraft:spruce_door":1,"minecraft:spruce_stairs":12,"minecraft:coal_block":1,"minecraft:stick":10,"minecraft:diorite":20,"minecraft:ink_sac":2,"minecraft:wooden_hoe":2,"minecraft:torch":19,"biomesoplenty:fir_trapdoor":2,"tombstone:grave_key":2,"minecraft:wooden_axe":1,"spore:infested_stone":33,"minecraft:oak_stairs":3,"minecraft:wither_rose":6,"minecraft:string":2,"minecraft:bucket":1,"minecraft:spruce_sapling":6,"minecraft:snow_block":4,"minecraft:furnace":1,"minecraft:kelp":4,"minecraft:oak_trapdoor":1,"minecraft:stone_sword":2,"minecraft:raw_copper":19,"minecraft:dark_oak_sign":9,"minecraft:cocoa_beans":1,"minecraft:smooth_stone_slab":2,"spore:infected_bow":1,"minecraft:tuff":3,"spore:living_helmet":1,"minecraft:clay_ball":4,"minecraft:stone_slab":2,"minecraft:torchflower_seeds":4,"minecraft:pumpkin_seeds":6,"minecraft:crimson_button":1,"minecraft:filled_map":3,"minecraft:potato":4,"minecraft:stone":1,"biomesoplenty:fir_planks":16,"minecraft:spruce_planks":3,"minecraft:bundle":2,"minecraft:iron_chestplate":1,"minecraft:barrel":2,"minecraft:stone_bricks":2,"minecraft:stripped_crimson_hyphae":1,"minecraft:bow":2,"minecraft:stone_pickaxe":1,"minecraft:wooden_pickaxe":1,"minecraft:quartz_slab":5},"minecraft:killed_by":{"minecraft:wither_skeleton":1,"spore:inf_human":1,"spore:inquisitor":5,"sanitydim:rotting_stalker":1,"minecraft:vindicator":4,"man:managgresive":6,"spore:inf_player":5,"sanitydim:sneaking_terror":3,"spore:inf_villager":1,"minecraft:blaze":1,"spore:wendigo":2,"spore:gazenbreacher":2,"minecraft:player":21,"spore:busser":2,"minecraft:stray":1,"spore:inf_vindicator":1,"spore:sieger":5,"minecraft:skeleton":15},"minecraft:used":{"minecraft:iron_shovel":261,"minecraft:dispenser":1,"minecraft:ladder":13,"minecraft:chest":19,"minecraft:iron_sword":263,"minecraft:rotten_flesh":2,"minecraft:iron_chestplate":2,"minecraft:mutton":6,"minecraft:jungle_planks":18,"minecraft:carrot":158,"minecraft:tuff":60,"minecraft:snowball":25,"spore:infected_bow":24,"minecraft:glass":1,"minecraft:lava_bucket":27,"minecraft:lantern":1,"biomesoplenty:fir_sapling":3,"minecraft:iron_helmet":1,"minecraft:stone_bricks":14,"minecraft:bow":3,"minecraft:sweet_berries":42,"minecraft:oak_sapling":7,"minecraft:furnace":9,"minecraft:cooked_cod":2,"biomesoplenty:fir_trapdoor":1,"minecraft:egg":5,"minecraft:potato":13,"minecraft:diorite":4,"minecraft:spruce_door":1,"spore:armads":220,"minecraft:dropper":2,"minecraft:stone_pickaxe":277,"minecraft:powered_rail":1,"minecraft:oak_planks":479,"minecraft:wooden_pickaxe":5,"minecraft:sugar_cane":13,"biomesoplenty:fir_planks":260,"minecraft:white_wool":4,"minecraft:blue_ice":64,"waystones:waystone":20,"tombstone:grave_key":3,"minecraft:melon_slice":12,"minecraft:birch_slab":103,"minecraft:string":1,"minecraft:bread":49,"minecraft:cyan_bed":14,"minecraft:lectern":5,"minecraft:gravel":4,"minecraft:lilac":1,"minecraft:grindstone":1,"minecraft:smithing_table":3,"minecraft:andesite":5,"minecraft:oak_boat":6,"minecraft:bone_meal":72,"minecraft:cobweb":3,"minecraft:oak_fence":1,"minecraft:oak_trapdoor":4,"minecraft:stone_sword":11,"minecraft:spruce_planks":40,"minecraft:wooden_shovel":17,"minecraft:cooked_chicken":1,"spore:infected_spear":1206,"minecraft:dirt":288,"minecraft:torch":337,"spore:vent_door":1,"minecraft:brewing_stand":4,"minecraft:hopper":4,"minecraft:spruce_stairs":7,"minecraft:granite":16,"spore:living_helmet":1,"minecraft:wooden_axe":12,"minecraft:bookshelf":2,"spore:infested_stone":6,"minecraft:iron_axe":1066,"travelersbackpack:squid":7,"minecraft:iron_boots":7,"minecraft:crimson_planks":67,"alexscaves:spelunkery_table":2,"tombstone:gift":10,"minecraft:acacia_wood":5,"minecraft:cooked_beef":14,"minecraft:cobbled_deepslate":810,"minecraft:acacia_planks":5,"minecraft:iron_leggings":2,"minecraft:cooked_mutton":10,"minecraft:wheat_seeds":13,"minecraft:water_bucket":37,"minecraft:birch_planks":160,"minecraft:baked_potato":10,"minecraft:birch_boat":2,"minecraft:fletching_table":1,"minecraft:mossy_cobblestone":1,"minecraft:tnt":2,"minecraft:crafting_table":15,"minecraft:oak_slab":12,"minecraft:white_bed":5,"tombstone:bag_of_seeds":2,"minecraft:spruce_log":1,"minecraft:oak_log":1,"minecraft:wooden_hoe":80,"minecraft:apple":29,"minecraft:chicken":2,"minecraft:iron_pickaxe":2519,"tombstone:magic_scroll":6,"minecraft:jungle_stairs":1,"minecraft:stone_slab":2,"minecraft:spruce_sapling":2,"minecraft:stone_axe":20,"biomesoplenty:fir_door":2,"travelersbackpack:standard":16,"minecraft:cobblestone":429,"minecraft:stripped_crimson_hyphae":1,"minecraft:cooked_porkchop":10,"minecraft:bucket":67},"minecraft:crafted":{"biomesoplenty:fir_trapdoor":2,"minecraft:grindstone":1,"minecraft:oak_planks":340,"minecraft:cooked_chicken":1,"minecraft:birch_boat":1,"minecraft:birch_slab":100,"minecraft:stone":4,"spore:infected_bow":1,"minecraft:bookshelf":2,"minecraft:cooked_mutton":6,"minecraft:glass":44,"minecraft:hopper":4,"minecraft:bow":2,"minecraft:iron_boots":1,"spore:fleshy_bone":3,"spore:fleshy_claw":10,"minecraft:chest":19,"minecraft:wooden_shovel":1,"minecraft:dropper":3,"travelersbackpack:iron_tier_upgrade":1,"minecraft:cooked_porkchop":12,"spore:infected_spear":1,"minecraft:crafting_table":5,"minecraft:spruce_planks":124,"travelersbackpack:standard":4,"minecraft:wooden_pickaxe":2,"minecraft:iron_helmet":1,"minecraft:smithing_table":2,"minecraft:birch_planks":192,"biomesoplenty:fir_planks":216,"minecraft:dispenser":1,"spore:armads":1,"minecraft:wooden_hoe":2,"minecraft:iron_chestplate":1,"minecraft:stone_slab":6,"minecraft:stick":120,"minecraft:iron_ingot":95,"minecraft:iron_pickaxe":8,"minecraft:snow_block":4,"minecraft:gold_ingot":18,"biomesoplenty:fir_door":3,"minecraft:redstone":22,"minecraft:coal":18,"minecraft:furnace":4,"minecraft:crimson_button":1,"minecraft:bone_meal":72,"travelersbackpack:blank_upgrade":4,"travelersbackpack:gold_tier_upgrade":1,"travelersbackpack:white_sleeping_bag":2,"minecraft:iron_axe":5,"minecraft:ladder":12,"minecraft:stone_pickaxe":1,"minecraft:wheat":72,"minecraft:cooked_beef":23,"minecraft:coal_block":3,"spore:living_core":3,"minecraft:crimson_planks":56,"travelersbackpack:backpack_tank":6,"minecraft:bucket":1,"minecraft:bread":35,"travelersbackpack:squid":1,"minecraft:oak_boat":3,"minecraft:white_wool":3,"minecraft:wooden_axe":2,"minecraft:iron_leggings":1,"minecraft:iron_shovel":1,"minecraft:white_bed":1,"minecraft:acacia_planks":4,"spore:nerves":8,"minecraft:torch":204,"minecraft:lapis_lazuli":48},"minecraft:killed":{"minecraft:cave_spider":1,"minecraft:zombified_piglin":1,"spore:braiomil":1,"minecraft:spider":3,"spore:leaper":1,"minecraft:skeleton":117,"minecraft:chicken":3,"minecraft:magma_cube":1,"minecraft:pig":8,"spore:inf_player":6,"minecraft:sheep":14,"spore:inf_villager":3,"minecraft:trader_llama":1,"minecraft:pillager":8,"spore:mound":5,"spore:inf_human":4,"minecraft:zombie":3,"minecraft:stray":1,"spore:knight":1,"minecraft:blaze":4,"minecraft:cow":8,"minecraft:vindicator":173,"minecraft:horse":2,"minecraft:drowned":2,"minecraft:husk":4,"spore:brute":1,"minecraft:wandering_trader":2,"minecraft:squid":3,"spore:inf_pillager":2,"spore:busser":1,"minecraft:wither_skeleton":1},"minecraft:picked_up":{"spore:mutated_heart":8,"minecraft:wheat":10,"spore:infested_dirt":1,"minecraft:lead":3,"minecraft:smithing_table":1,"minecraft:oak_stairs":7,"minecraft:wither_rose":4,"minecraft:enchanted_book":1,"minecraft:stone_brick_stairs":2,"minecraft:crimson_planks":12,"minecraft:brewing_stand":4,"minecraft:amethyst_block":1,"biomesoplenty:fir_trapdoor":2,"spore:innards":2,"minecraft:string":26,"minecraft:raw_copper":24,"minecraft:smooth_stone_slab":4,"spore:infected_spear":1,"minecraft:gold_nugget":2,"minecraft:cobbled_deepslate":1288,"biomesoplenty:fir_planks":188,"minecraft:bucket":2,"minecraft:spruce_planks":20,"minecraft:iron_pickaxe":2,"minecraft:melon_slice":24,"minecraft:coal_block":31,"minecraft:iron_boots":1,"minecraft:furnace":7,"minecraft:stick":29,"minecraft:oak_fence":4,"minecraft:torch":155,"minecraft:spruce_stairs":20,"minecraft:porkchop":12,"tombstone:grave_dust":8,"minecraft:diorite":87,"spore:infested_gravel":2,"minecraft:quartz_block":2,"minecraft:stone_sword":2,"minecraft:rotten_flesh":11,"minecraft:iron_block":1,"minecraft:blaze_rod":2,"minecraft:iron_bars":4,"minecraft:cod":7,"minecraft:snowball":25,"minecraft:cobblestone":590,"minecraft:birch_log":48,"minecraft:lilac":1,"minecraft:leather_chestplate":2,"minecraft:feather":5,"minecraft:birch_slab":3,"minecraft:andesite":23,"minecraft:potato":28,"biomesoplenty:fir_sapling":17,"biomesoplenty:fir_log":81,"minecraft:flint":13,"minecraft:tuff":77,"minecraft:wither_skeleton_skull":1,"minecraft:lapis_lazuli":86,"minecraft:dirt":439,"minecraft:lantern":1,"minecraft:glass":1,"minecraft:bone":27,"travelersbackpack:backpack_tank":2,"minecraft:acacia_planks":10,"minecraft:bow":1,"minecraft:wheat_seeds":88,"minecraft:raw_gold":8,"minecraft:dark_oak_sign":9,"minecraft:fletching_table":1,"minecraft:glowstone_dust":2,"minecraft:powered_rail":1,"spore:biomass_block":5,"minecraft:oak_planks":267,"spore:infected_bow":1,"spore:vent_door":1,"spore:cerebrum":1,"minecraft:cooked_porkchop":4,"travelersbackpack:squid":16,"spore:armor_fragment":42,"minecraft:dropper":2,"minecraft:sand":49,"minecraft:jungle_planks":36,"minecraft:ink_sac":6,"minecraft:cyan_bed":14,"minecraft:barrel":2,"minecraft:mossy_cobblestone":1,"minecraft:dark_prismarine":6,"minecraft:bundle":5,"spore:claw_fragment":27,"minecraft:dispenser":1,"minecraft:diamond":6,"waystones:waystone":21,"minecraft:crossbow":2,"minecraft:granite":78,"minecraft:emerald":38,"minecraft:bread":5,"spore:spine_fragment":10,"biomesoplenty:pink_daffodil":7,"minecraft:oak_sapling":6,"minecraft:crafting_table":13,"minecraft:chicken":5,"minecraft:ladder":4,"minecraft:clay_ball":4,"minecraft:gold_block":2,"minecraft:oak_trapdoor":5,"minecraft:red_bed":1,"minecraft:quartz_slab":5,"spore:armads":2,"minecraft:beef":17,"minecraft:oak_boat":4,"minecraft:spruce_slab":28,"minecraft:lectern":5,"minecraft:sugar_cane":18,"minecraft:chest":9,"minecraft:egg":5,"minecraft:raw_iron":95,"minecraft:stripped_crimson_hyphae":17,"minecraft:note_block":4,"minecraft:carrot":195,"minecraft:redstone":40,"minecraft:dark_oak_planks":4,"minecraft:tnt":2,"minecraft:arrow":26,"minecraft:jungle_stairs":2,"minecraft:hay_block":8,"alexscaves:spelunkery_table":2,"minecraft:stripped_dark_oak_wood":1,"minecraft:saddle":1,"spore:tendons":6,"minecraft:mutton":16,"minecraft:white_wool":15,"spore:altered_spleen":1,"minecraft:dark_oak_button":1,"spore:rooted_biomass":3,"spore:infested_stone":39,"minecraft:leather":17,"minecraft:acacia_wood":6,"minecraft:birch_planks":43,"minecraft:filled_map":2,"minecraft:oak_log":66,"minecraft:yellow_bed":1,"minecraft:gunpowder":1,"minecraft:wooden_hoe":3,"tombstone:gift":2,"minecraft:cooked_mutton":4,"minecraft:apple":2,"minecraft:stone_bricks":19,"minecraft:kelp":7,"minecraft:iron_ingot":5,"minecraft:stone_pickaxe":2,"tombstone:bag_of_seeds":2,"spore:mutated_fiber":89,"minecraft:dark_oak_stairs":2,"minecraft:book":3,"spore:infested_cobbled_deepslate":1,"minecraft:oak_slab":91,"minecraft:birch_boat":1,"minecraft:sweet_berries":31,"minecraft:stone_brick_slab":1,"minecraft:gravel":34,"minecraft:amethyst_shard":12,"minecraft:spruce_sapling":8,"minecraft:white_bed":6,"minecraft:spruce_log":32,"minecraft:spider_eye":3,"minecraft:spruce_door":2,"travelersbackpack:standard":19,"minecraft:oak_wood":24,"minecraft:stone_axe":2,"minecraft:gray_wool":1,"minecraft:baked_potato":2,"minecraft:dark_oak_wood":16,"minecraft:coal":174,"minecraft:hopper":2,"minecraft:wooden_axe":1},"minecraft:broken":{"minecraft:iron_shovel":1,"minecraft:iron_boots":4,"minecraft:iron_chestplate":2,"minecraft:iron_leggings":2,"minecraft:stone_pickaxe":2,"minecraft:iron_axe":4,"minecraft:iron_pickaxe":9,"minecraft:iron_helmet":2},"minecraft:custom":{"minecraft:animals_bred":16,"minecraft:interact_with_crafting_table":165,"minecraft:open_barrel":131,"minecraft:leave_game":17,"minecraft:time_since_death":20161,"minecraft:sprint_one_cm":3090127,"minecraft:drop":265,"minecraft:play_noteblock":4,"minecraft:talked_to_villager":57,"minecraft:play_time":1233099,"minecraft:deaths":101,"minecraft:jump":9121,"minecraft:walk_on_water_one_cm":135342,"minecraft:enchant_item":3,"minecraft:interact_with_furnace":141,"minecraft:traded_with_villager":59,"minecraft:interact_with_loom":2,"minecraft:sleep_in_bed":76,"minecraft:waystone_activated":26,"minecraft:damage_dealt":99951,"minecraft:player_kills":7,"minecraft:crouch_one_cm":126486,"tombstone:undead_killed":129,"tombstone:villager_killed":2,"minecraft:interact_with_smoker":2,"minecraft:inspect_dispenser":4,"minecraft:interact_with_smithing_table":4,"minecraft:mob_kills":388,"minecraft:inspect_hopper":3,"minecraft:climb_one_cm":75129,"minecraft:walk_one_cm":1524117,"minecraft:sneak_time":90083,"minecraft:walk_under_water_one_cm":191215,"minecraft:interact_with_blast_furnace":8,"minecraft:total_world_time":1233099,"tombstone:raider_killed":182,"minecraft:interact_with_grindstone":6,"minecraft:time_since_rest":4328,"minecraft:damage_taken":52446,"minecraft:swim_one_cm":386617,"minecraft:fly_one_cm":1366917,"minecraft:open_chest":273,"minecraft:fall_one_cm":204592},"minecraft:mined":{"minecraft:dark_oak_planks":2,"spore:fungal_roots":15,"minecraft:spruce_planks":19,"minecraft:oak_sapling":1,"minecraft:white_bed":6,"minecraft:farmland":17,"spore:wall_growths":88,"spore:underwater_fungal_stem_top":4,"spore:infested_clay":1,"minecraft:brewing_stand":4,"minecraft:granite":55,"minecraft:stripped_crimson_hyphae":24,"minecraft:grass_block":265,"spore:fungal_stem":29,"minecraft:coal_block":16,"minecraft:frosted_ice":3,"minecraft:hopper":2,"spore:infested_dirt":4,"spore:mycelium_veins":65,"minecraft:tall_seagrass":8,"minecraft:glowstone":1,"minecraft:iron_ore":66,"minecraft:barrel":3,"minecraft:fire":61,"minecraft:cobbled_deepslate":204,"spore:infested_stone":120,"minecraft:deepslate_lapis_ore":11,"minecraft:fletching_table":1,"spore:growth_mycelium":39,"minecraft:stripped_dark_oak_wood":1,"minecraft:dark_oak_stairs":2,"minecraft:dirt_path":9,"biomesoplenty:webbing":4,"minecraft:quartz_slab":5,"minecraft:oak_stairs":13,"minecraft:spruce_slab":34,"minecraft:tripwire":1,"minecraft:deepslate_redstone_ore":7,"minecraft:quartz_block":3,"minecraft:red_bed":1,"minecraft:kelp_plant":11,"minecraft:amethyst_cluster":3,"minecraft:torch":43,"spore:growths_big":30,"minecraft:note_block":2,"minecraft:jungle_stairs":1,"minecraft:dark_oak_wood":8,"minecraft:melon":2,"minecraft:chest":9,"minecraft:cobblestone":135,"spore:biomass_block":7,"minecraft:cyan_bed":13,"minecraft:oak_planks":288,"minecraft:sugar_cane":10,"minecraft:wall_torch":74,"minecraft:amethyst_block":1,"spore:fungal_stem_sapling":5,"minecraft:powered_rail":1,"minecraft:birch_log":51,"minecraft:wheat":10,"minecraft:blue_ice":9,"minecraft:lilac":1,"minecraft:tnt":3,"biomesoplenty:fir_log":51,"minecraft:smooth_stone_slab":18,"minecraft:stone_brick_stairs":1,"minecraft:grass":426,"biomesoplenty:clover":2,"minecraft:oak_log":67,"minecraft:sand":61,"minecraft:dirt":119,"minecraft:crimson_planks":17,"spore:hanging_fungal_stem":18,"minecraft:dispenser":1,"spore:remains":4,"minecraft:oak_leaves":6,"minecraft:deepslate":1235,"minecraft:suspicious_gravel":1,"minecraft:dark_prismarine":6,"alexscaves:spelunkery_table":2,"minecraft:tuff":43,"spore:wall_growths_big":89,"minecraft:mossy_cobblestone":3,"minecraft:deepslate_diamond_ore":2,"spore:infested_gravel":7,"minecraft:ladder":2,"minecraft:chiseled_bookshelf":2,"biomesoplenty:bush":3,"minecraft:jungle_planks":43,"spore:rooted_biomass":3,"minecraft:birch_slab":1,"spore:infested_cobbled_deepslate":1,"minecraft:spruce_leaves":1,"spore:growths_small":27,"minecraft:hay_block":9,"minecraft:oak_trapdoor":5,"minecraft:furnace":6,"minecraft:carrots":52,"spore:blomfung":31,"minecraft:acacia_wood":6,"minecraft:andesite":23,"biomesoplenty:origin_leaves":5,"minecraft:gold_block":2,"minecraft:bookshelf":1,"minecraft:potatoes":5,"biomesoplenty:high_grass":97,"minecraft:deepslate_iron_ore":10,"biomesoplenty:origin_grass_block":1,"minecraft:packed_ice":7,"spore:underwater_fungal_stem":6,"minecraft:stone":455,"biomesoplenty:spider_egg":2,"minecraft:white_wool":2,"minecraft:smithing_table":1,"minecraft:oak_slab":109,"minecraft:hanging_roots":2,"minecraft:spruce_door":2,"travelersbackpack:standard":19,"minecraft:oak_fence":4,"minecraft:crafting_table":12,"minecraft:emerald_ore":1,"minecraft:oak_wood":28,"biomesoplenty:fir_planks":65,"minecraft:dropper":2,"minecraft:lectern":5,"biomesoplenty:high_grass_plant":155,"minecraft:copper_ore":7,"minecraft:tall_grass":54,"minecraft:lapis_ore":2,"spore:membrane_block":1,"minecraft:deepslate_gold_ore":8,"minecraft:diorite":73,"minecraft:spruce_stairs":29,"travelersbackpack:squid":16,"minecraft:birch_planks":14,"biomesoplenty:blue_hydrangea":1,"spore:bloomfung2":51,"biomesoplenty:pink_daffodil":4,"minecraft:sweet_berry_bush":10,"minecraft:spruce_log":35,"minecraft:birch_leaves":5,"minecraft:yellow_bed":1,"spore:fungal_stem_top":2,"minecraft:coal_ore":82,"minecraft:mycelium":221,"biomesoplenty:fir_leaves":4,"minecraft:gravel":42,"minecraft:cobweb":19,"biomesoplenty:stringy_cobweb":12,"biomesoplenty:dead_planks":1,"minecraft:acacia_planks":4,"minecraft:stone_bricks":19,"minecraft:fern":17}},"DataVersion":3465}