{"stats":{"minecraft:dropped":{"spore:spine_fragment":8,"minecraft:birch_planks":22,"minecraft:porkchop":1,"minecraft:oak_log":32,"minecraft:ender_pearl":5,"minecraft:glass_bottle":4,"minecraft:cooked_porkchop":1,"minecraft:rooted_dirt":3,"minecraft:leather":1,"minecraft:jungle_planks":3,"minecraft:birch_slab":4,"minecraft:rail":1,"minecraft:leather_helmet":1,"biomesoplenty:fir_sapling":23,"minecraft:dirt":191,"minecraft:stone_button":2,"minecraft:dispenser":1,"minecraft:snowball":10,"minecraft:gold_nugget":2,"minecraft:wooden_sword":1,"minecraft:sand":1,"minecraft:birch_log":2,"minecraft:bone":6,"minecraft:gravel":16,"biomesoplenty:toadstool":5,"minecraft:waxed_cut_copper_stairs":1,"minecraft:goat_horn":1,"minecraft:sugar_cane":5,"minecraft:cobbled_deepslate":2,"minecraft:birch_sapling":17,"minecraft:obsidian":43,"tombstone:gift":2,"minecraft:rotten_flesh":17,"minecraft:oak_planks":1,"minecraft:carrot":101,"minecraft:leather_chestplate":1,"minecraft:gunpowder":7,"alexscaves:cave_book":1,"minecraft:melon_seeds":4,"spore:fungal_shell":1,"minecraft:arrow":2,"minecraft:powered_rail":2,"spore:armads":3,"minecraft:beef":3,"biomesoplenty:flesh":1,"minecraft:netherrack":6,"minecraft:egg":5,"minecraft:crimson_planks":4,"minecraft:iron_ingot":2,"minecraft:oak_slab":77,"minecraft:wheat_seeds":51,"travelersbackpack:squid":1,"minecraft:poisonous_potato":4,"biomesoplenty:fir_boat":1,"biomesoplenty:maple_sapling":11,"minecraft:oak_fence":2,"minecraft:feather":5,"minecraft:cobblestone":29,"minecraft:granite":1,"spore:infected_spear":1,"minecraft:spruce_stairs":3,"minecraft:coal":8,"minecraft:stick":24,"biomesoplenty:violet":1,"minecraft:pufferfish":13,"minecraft:lava_bucket":1,"minecraft:torch":13,"tombstone:grave_key":4,"minecraft:wooden_axe":1,"tombstone:grave_dust":2,"minecraft:potion":1,"biomesoplenty:fir_door":1,"biomesoplenty:glowshroom":1,"tombstone:lost_tablet":3,"minecraft:string":3,"spore:claw_fragment":2,"minecraft:spruce_sapling":2,"minecraft:redstone":8,"minecraft:kelp":5,"minecraft:nether_wart":180,"minecraft:stone_sword":1,"minecraft:dark_oak_sign":9,"minecraft:cocoa_beans":4,"minecraft:bowl":1,"spore:cerebrum":5,"spore:mutated_fiber":3,"minecraft:nether_bricks":3,"minecraft:pumpkin_seeds":3,"spore:membrane_block":1,"biomesoplenty:dead_sapling":5,"minecraft:filled_map":1,"biomesoplenty:fir_planks":8,"minecraft:andesite":16,"minecraft:oak_sapling":26,"minecraft:golden_sword":5,"minecraft:spider_eye":3,"minecraft:barrel":3,"minecraft:warped_button":2,"minecraft:bow":2},"minecraft:killed_by":{"minecraft:zombified_piglin":1,"minecraft:wither_skeleton":15,"spore:claw":1,"minecraft:creeper":3,"minecraft:pillager":1,"spore:knight":1,"spore:scamper":2,"spore:inf_human":11,"spore:inquisitor":4,"sanitydim:rotting_stalker":6,"spore:inf_pillager":1,"spore:spitter":1,"spore:inf_player":10,"man:managgresive":9,"sanitydim:sneaking_terror":4,"spore:inf_villager":5,"minecraft:blaze":3,"spore:leaper":2,"spore:gazenbreacher":15,"minecraft:player":15,"spore:busser":13,"minecraft:enderman":1,"spore:inf_vindicator":1,"spore:inf_wanderer":2,"spore:sieger":1,"minecraft:skeleton":16,"spore:wave":1,"spore:brot":1},"minecraft:used":{"minecraft:shield":139,"minecraft:chest":12,"minecraft:ladder":5,"minecraft:iron_sword":321,"minecraft:iron_chestplate":2,"minecraft:nether_bricks":2,"minecraft:jungle_planks":123,"spore:infested_deepslate":1,"minecraft:carrot":75,"minecraft:snowball":16,"minecraft:lava_bucket":16,"minecraft:grass_block":1,"minecraft:oak_sapling":1,"minecraft:cooked_cod":43,"minecraft:furnace":10,"minecraft:egg":2,"biomesoplenty:flesh":1,"minecraft:oak_planks":61,"minecraft:diorite":21,"minecraft:leather_leggings":1,"spore:armads":1342,"minecraft:stone_pickaxe":132,"minecraft:ender_pearl":1,"minecraft:wooden_pickaxe":2,"biomesoplenty:fir_planks":398,"minecraft:jungle_boat":1,"minecraft:golden_apple":2,"minecraft:sand":1,"alexscaves:cave_book":2,"minecraft:blast_furnace":4,"biomesoplenty:dead_planks":76,"spore:tumor":2,"waystones:waystone":2,"minecraft:bread":8,"minecraft:cyan_bed":4,"minecraft:lectern":145,"biomesoplenty:fir_stairs":10,"spore:living_pants":1,"tombstone:grave_key":14,"minecraft:pufferfish":1,"minecraft:fire_charge":2,"minecraft:wooden_sword":10,"minecraft:andesite":3,"minecraft:birch_log":2,"minecraft:oak_fence":1,"minecraft:cobweb":12,"minecraft:coarse_dirt":1,"minecraft:oak_trapdoor":1,"travelersbackpack:blaze":2,"minecraft:enchanting_table":2,"minecraft:stone_shovel":15,"securitycraft:bucket_f_lava":1,"minecraft:cooked_salmon":14,"minecraft:wooden_shovel":271,"spore:inf_helmet":1,"spore:infected_spear":8,"minecraft:torch":301,"minecraft:brewing_stand":1,"minecraft:dirt":56,"spore:inf_boots":1,"spore:inf_pants":2,"minecraft:granite":8,"spore:living_helmet":1,"minecraft:wooden_axe":13,"minecraft:bookshelf":16,"spore:infested_stone":3,"minecraft:iron_axe":758,"travelersbackpack:squid":11,"minecraft:iron_boots":1,"minecraft:barrel":3,"biomesoplenty:blood_bucket":1,"tombstone:gift":5,"minecraft:cooked_beef":50,"biomesoplenty:dead_log":1,"minecraft:cobbled_deepslate":46,"minecraft:cooked_mutton":2,"minecraft:water_bucket":157,"minecraft:cobblestone_stairs":1,"minecraft:birch_planks":248,"minecraft:birch_boat":1,"spore:infected_crossbow":141,"minecraft:crafting_table":14,"minecraft:oak_slab":1,"minecraft:white_bed":30,"minecraft:cod":2,"tombstone:bag_of_seeds":2,"spore:membrane_block":7,"minecraft:smoker":4,"minecraft:oak_log":13,"minecraft:mud":3,"minecraft:diamond_pickaxe":140,"minecraft:apple":2,"minecraft:iron_pickaxe":540,"tombstone:magic_scroll":3,"biomesoplenty:toadstool":2,"minecraft:stone_axe":116,"minecraft:fishing_rod":164,"minecraft:cobblestone":268,"biomesoplenty:fir_door":4,"travelersbackpack:standard":20,"minecraft:purple_bed":1,"minecraft:cooked_porkchop":15,"minecraft:bucket":182,"minecraft:yellow_bed":1,"biomesoplenty:fir_log":7},"minecraft:crafted":{"minecraft:smooth_stone":3,"minecraft:oak_planks":140,"travelersbackpack:iron":2,"spore:plated_pants":1,"minecraft:blaze_powder":4,"spore:plated_boots":1,"minecraft:birch_slab":6,"minecraft:stone":3,"minecraft:bookshelf":17,"minecraft:cooked_mutton":2,"minecraft:glass":36,"spore:living_boots":1,"minecraft:iron_boots":1,"tombstone:grave_key":1,"spore:fleshy_bone":2,"spore:fleshy_claw":9,"minecraft:chest":10,"minecraft:smoker":1,"minecraft:wooden_shovel":5,"travelersbackpack:iron_tier_upgrade":1,"minecraft:cooked_porkchop":11,"minecraft:crafting_table":6,"spore:plated_helmet":1,"minecraft:jungle_boat":1,"travelersbackpack:standard":4,"minecraft:wooden_pickaxe":1,"minecraft:iron_helmet":2,"travelersbackpack:blaze":1,"minecraft:birch_planks":432,"biomesoplenty:fir_planks":452,"spore:armads":1,"minecraft:lectern":1,"minecraft:iron_chestplate":2,"minecraft:book":7,"minecraft:paper":21,"minecraft:diamond_pickaxe":1,"minecraft:charcoal":10,"minecraft:shield":4,"minecraft:stick":36,"minecraft:iron_ingot":122,"minecraft:iron_pickaxe":2,"spore:plated_muscle":13,"minecraft:gold_ingot":9,"spore:living_helmet":1,"minecraft:fire_charge":3,"minecraft:shears":2,"biomesoplenty:fir_door":3,"biomesoplenty:fir_stairs":8,"minecraft:wooden_sword":1,"spore:claw":2,"minecraft:stone_shovel":1,"minecraft:fishing_rod":2,"minecraft:furnace":4,"minecraft:blast_furnace":1,"travelersbackpack:blank_upgrade":4,"spore:infected_crossbow":1,"spore:inf_boots":1,"travelersbackpack:white_sleeping_bag":2,"minecraft:iron_axe":6,"minecraft:stone_pickaxe":1,"spore:armor_plate":10,"minecraft:cooked_beef":50,"spore:living_core":2,"minecraft:cooked_cod":43,"biomesoplenty:dead_planks":68,"travelersbackpack:backpack_tank":6,"minecraft:iron_sword":1,"minecraft:cooked_salmon":14,"minecraft:bucket":1,"minecraft:stone_axe":1,"minecraft:enchanted_book":1,"minecraft:air":0,"minecraft:jungle_planks":116,"spore:living_pants":1,"travelersbackpack:squid":1,"spore:inf_helmet":1,"spore:inf_pants":1,"minecraft:white_wool":10,"minecraft:wooden_axe":1,"minecraft:iron_leggings":1,"minecraft:white_bed":5,"spore:nerves":32,"minecraft:torch":260},"minecraft:killed":{"minecraft:cave_spider":4,"minecraft:zombified_piglin":1,"spore:braiomil":9,"minecraft:spider":6,"spore:leaper":2,"sanitydim:sneaking_terror":1,"minecraft:skeleton":115,"spore:spitter":4,"minecraft:pig":6,"spore:inf_player":22,"spore:inf_wanderer":4,"minecraft:zombie_villager":2,"spore:inf_evoker":1,"spore:volatile":1,"spore:scamper":17,"spore:inf_drowned":6,"minecraft:creeper":4,"minecraft:sheep":4,"spore:inf_villager":18,"minecraft:trader_llama":2,"minecraft:pillager":6,"spore:mound":15,"minecraft:zombie":31,"spore:inf_human":59,"spore:licker":3,"spore:knight":4,"minecraft:blaze":14,"minecraft:cow":34,"minecraft:vindicator":124,"sanitydim:rotting_stalker":1,"spore:inf_vindicator":1,"spore:inquisitor":2,"spore:griefer":3,"spore:verva":1,"minecraft:drowned":7,"spore:braurei":2,"spore:gastgaber":1,"minecraft:husk":23,"spore:stalker":2,"minecraft:wandering_trader":1,"minecraft:squid":2,"spore:inf_pillager":19,"spore:inf_witch":5,"spore:busser":3,"spore:inf_husk":1,"minecraft:wither_skeleton":29,"spore:slasher":4,"minecraft:enderman":2},"minecraft:picked_up":{"spore:mutated_heart":24,"minecraft:lead":2,"minecraft:enchanted_book":1,"biomesoplenty:violet":1,"minecraft:potion":1,"tombstone:grave_key":2,"minecraft:crimson_planks":6,"minecraft:brewing_stand":1,"spore:fungal_shell":1,"minecraft:golden_sword":7,"minecraft:string":50,"spore:innards":3,"minecraft:raw_copper":11,"minecraft:pufferfish":14,"spore:infected_spear":1,"spore:corrosive_sack":1,"travelersbackpack:blaze":3,"biomesoplenty:dead_sapling":5,"minecraft:gold_nugget":3,"minecraft:cobbled_deepslate":52,"biomesoplenty:fir_planks":29,"spore:living_helmet":1,"minecraft:furnace":8,"minecraft:stick":172,"minecraft:oak_fence":7,"minecraft:torch":83,"minecraft:spruce_stairs":5,"minecraft:porkchop":12,"tombstone:grave_dust":10,"minecraft:diorite":63,"minecraft:warped_button":2,"minecraft:golden_chestplate":2,"minecraft:waxed_cut_copper_stairs":1,"minecraft:stone_sword":1,"minecraft:rotten_flesh":37,"minecraft:blaze_rod":6,"minecraft:obsidian":127,"minecraft:snowball":10,"minecraft:cod":45,"minecraft:blaze_powder":2,"minecraft:cobblestone":382,"minecraft:birch_log":111,"minecraft:enchanting_table":2,"minecraft:leather_chestplate":1,"minecraft:feather":5,"minecraft:jungle_log":29,"minecraft:andesite":37,"minecraft:birch_slab":2,"minecraft:golden_leggings":1,"biomesoplenty:glowshroom":1,"minecraft:smoker":2,"biomesoplenty:dead_log":18,"biomesoplenty:fir_sapling":27,"biomesoplenty:fir_log":134,"minecraft:flint":1,"alexscaves:cave_book":1,"biomesoplenty:fir_stairs":4,"minecraft:dirt":451,"minecraft:stripped_birch_log":1,"minecraft:bone":56,"minecraft:bow":4,"minecraft:wheat_seeds":58,"biomesoplenty:fir_boat":1,"minecraft:raw_gold":6,"minecraft:dark_oak_sign":9,"minecraft:powered_rail":2,"spore:biomass_block":10,"minecraft:oak_planks":17,"minecraft:pitcher_pod":3,"biomesoplenty:toadstool":7,"spore:cerebrum":46,"minecraft:cooked_porkchop":1,"travelersbackpack:squid":24,"spore:armor_fragment":191,"minecraft:poisonous_potato":6,"minecraft:sand":38,"minecraft:jungle_planks":32,"minecraft:ink_sac":4,"minecraft:grass_block":1,"minecraft:cyan_bed":4,"minecraft:barrel":6,"minecraft:bundle":1,"spore:claw_fragment":103,"minecraft:dispenser":1,"minecraft:diamond":7,"waystones:waystone":2,"minecraft:granite":16,"minecraft:emerald":31,"minecraft:bread":7,"minecraft:rooted_dirt":3,"spore:spine_fragment":51,"minecraft:oak_sapling":37,"minecraft:netherrack":14,"minecraft:mud":3,"minecraft:cocoa_beans":9,"minecraft:coarse_dirt":1,"minecraft:crafting_table":9,"minecraft:chicken":1,"minecraft:ladder":5,"minecraft:nether_wart":252,"minecraft:leather_leggings":1,"biomesoplenty:flesh":2,"minecraft:gold_block":1,"spore:sickle_fragment":2,"biomesoplenty:fir_door":2,"minecraft:oak_trapdoor":1,"spore:armads":2,"minecraft:beef":72,"spore:membrane_block":8,"minecraft:lectern":145,"minecraft:sugar_cane":28,"minecraft:chest":5,"minecraft:birch_sapling":17,"minecraft:egg":7,"minecraft:raw_iron":145,"spore:tumor":39,"spore:wing_membrane":4,"minecraft:copper_ingot":2,"minecraft:bowl":1,"minecraft:stone_button":2,"minecraft:carrot":170,"minecraft:redstone":16,"tombstone:lost_tablet":4,"minecraft:arrow":22,"minecraft:nether_bricks":5,"minecraft:saddle":2,"tombstone:essence_of_undeath":2,"spore:alveolic_sack":3,"minecraft:mutton":7,"spore:tendons":18,"minecraft:rail":1,"minecraft:white_wool":10,"minecraft:stripped_oak_log":4,"spore:altered_spleen":1,"spore:rooted_biomass":8,"minecraft:salmon":14,"spore:infested_stone":9,"minecraft:leather":33,"minecraft:birch_planks":25,"minecraft:filled_map":1,"minecraft:oak_log":121,"minecraft:lily_pad":1,"minecraft:gunpowder":11,"minecraft:cobblestone_stairs":1,"minecraft:white_banner":1,"securitycraft:scanner_door_item":2,"spore:infested_deepslate":1,"minecraft:apple":2,"minecraft:kelp":5,"minecraft:iron_ingot":1,"tombstone:bag_of_seeds":1,"spore:mutated_fiber":558,"minecraft:glass_bottle":6,"minecraft:book":24,"minecraft:oak_slab":114,"minecraft:birch_boat":2,"minecraft:sweet_berries":2,"minecraft:gravel":5,"biomesoplenty:dead_planks":17,"minecraft:spruce_sapling":2,"minecraft:blast_furnace":3,"minecraft:white_bed":24,"minecraft:spruce_log":20,"minecraft:spider_eye":5,"minecraft:leather_helmet":1,"travelersbackpack:standard":2,"biomesoplenty:maple_sapling":11,"minecraft:pumpkin_seeds":3,"minecraft:purple_bed":1,"tombstone:magic_scroll":1,"minecraft:melon_seeds":2,"minecraft:dark_oak_wood":8,"minecraft:coal":205,"minecraft:ender_pearl":9},"minecraft:broken":{"minecraft:wooden_shovel":4,"minecraft:leather_leggings":1,"minecraft:iron_boots":1,"minecraft:iron_chestplate":2,"minecraft:iron_leggings":1,"minecraft:stone_pickaxe":1,"minecraft:stone_axe":1,"minecraft:fishing_rod":2,"minecraft:golden_chestplate":1,"minecraft:shield":4,"minecraft:iron_axe":4,"minecraft:iron_pickaxe":2,"minecraft:iron_helmet":2},"minecraft:custom":{"minecraft:animals_bred":1,"minecraft:interact_with_crafting_table":239,"minecraft:open_barrel":101,"minecraft:leave_game":34,"minecraft:time_since_death":21030,"minecraft:sprint_one_cm":3037243,"minecraft:damage_blocked_by_shield":8673,"minecraft:drop":373,"minecraft:play_noteblock":3,"minecraft:talked_to_villager":230,"minecraft:play_time":1086438,"minecraft:deaths":178,"minecraft:jump":18507,"minecraft:walk_on_water_one_cm":267081,"minecraft:interact_with_furnace":141,"minecraft:traded_with_villager":6,"minecraft:interact_with_loom":12,"minecraft:sleep_in_bed":85,"minecraft:waystone_activated":11,"tombstone:sneak_grave":1,"minecraft:damage_dealt":151978,"minecraft:player_kills":10,"minecraft:crouch_one_cm":90168,"tombstone:undead_killed":212,"tombstone:villager_killed":1,"minecraft:interact_with_smoker":35,"minecraft:inspect_dispenser":5,"minecraft:horse_one_cm":6331,"minecraft:interact_with_smithing_table":11,"minecraft:mob_kills":634,"minecraft:inspect_hopper":1,"minecraft:damage_dealt_resisted":255,"minecraft:climb_one_cm":35456,"minecraft:walk_one_cm":2613042,"minecraft:sneak_time":30968,"minecraft:walk_under_water_one_cm":191449,"minecraft:boat_one_cm":629260,"minecraft:interact_with_blast_furnace":33,"minecraft:total_world_time":1086438,"tombstone:raider_killed":130,"minecraft:tune_noteblock":3,"minecraft:interact_with_grindstone":3,"minecraft:time_since_rest":4923,"minecraft:damage_taken":56337,"minecraft:damage_absorbed":40,"minecraft:swim_one_cm":544757,"minecraft:fly_one_cm":3706346,"minecraft:open_chest":346,"minecraft:fish_caught":70,"minecraft:fall_one_cm":403443},"minecraft:mined":{"spore:fungal_roots":12,"biomesoplenty:glowshroom":1,"minecraft:white_bed":24,"spore:wall_growths":92,"spore:underwater_fungal_stem_top":5,"minecraft:cobblestone_stairs":1,"minecraft:jungle_leaves":2,"travelersbackpack:blaze":3,"minecraft:brewing_stand":1,"minecraft:obsidian":1,"minecraft:granite":15,"minecraft:grass_block":246,"minecraft:jungle_log":29,"spore:fungal_stem":85,"spore:fungal_shell":1,"minecraft:spawner":1,"spore:mycelium_veins":154,"minecraft:iron_ore":113,"minecraft:barrel":2,"minecraft:fire":36,"biomesoplenty:violet":1,"spore:growth_mycelium":79,"minecraft:enchanting_table":2,"biomesoplenty:webbing":2,"minecraft:deepslate_redstone_ore":1,"spore:biomass_lump":2,"minecraft:smoker":2,"minecraft:torch":16,"spore:growths_big":87,"minecraft:blast_furnace":3,"minecraft:poppy":1,"minecraft:chest":5,"minecraft:cobblestone":7,"spore:biomass_block":3,"minecraft:cyan_bed":4,"minecraft:oak_planks":14,"minecraft:sugar_cane":23,"minecraft:wall_torch":39,"minecraft:mud":3,"minecraft:birch_log":115,"biomesoplenty:hair":3,"biomesoplenty:fir_log":140,"biomesoplenty:dead_log":18,"spore:infested_deepslate":1,"minecraft:grass":64,"biomesoplenty:clover":2,"minecraft:oak_log":74,"minecraft:dirt":105,"minecraft:sand":38,"spore:hanging_fungal_stem":19,"minecraft:netherrack":8,"spore:remains":28,"minecraft:oak_leaves":7,"minecraft:deepslate":46,"spore:wall_growths_big":98,"minecraft:deepslate_diamond_ore":7,"minecraft:stripped_birch_log":1,"minecraft:nether_bricks":4,"minecraft:chiseled_bookshelf":1,"biomesoplenty:bush":1,"minecraft:jungle_planks":13,"spore:rooted_biomass":6,"minecraft:spruce_leaves":2,"minecraft:rooted_dirt":3,"spore:acid":1,"spore:growths_small":90,"spore:rotten_planks":41,"minecraft:oak_trapdoor":1,"minecraft:furnace":8,"minecraft:carrots":43,"biomesoplenty:toadstool":1,"spore:rotten_log":3,"spore:blomfung":45,"minecraft:andesite":16,"biomesoplenty:flesh":2,"minecraft:gold_block":1,"minecraft:bookshelf":7,"biomesoplenty:fir_stairs":2,"minecraft:deepslate_iron_ore":8,"minecraft:vine":3,"spore:hive_spawn":2,"minecraft:stripped_oak_log":4,"minecraft:stone":307,"minecraft:oak_slab":1,"travelersbackpack:standard":2,"minecraft:crafting_table":9,"minecraft:emerald_ore":1,"biomesoplenty:fir_planks":20,"minecraft:lectern":144,"minecraft:tall_grass":3,"biomesoplenty:sprout":3,"spore:membrane_block":8,"minecraft:deepslate_gold_ore":6,"minecraft:diorite":66,"travelersbackpack:squid":23,"minecraft:purple_bed":1,"minecraft:birch_planks":30,"minecraft:coarse_dirt":1,"spore:bloomfung2":161,"minecraft:birch_leaves":2,"minecraft:spruce_log":20,"spore:fungal_stem_top":16,"minecraft:mycelium":3,"minecraft:coal_ore":127,"minecraft:cocoa":1,"biomesoplenty:fir_leaves":4,"minecraft:gravel":5,"minecraft:cobweb":32,"biomesoplenty:stringy_cobweb":1,"biomesoplenty:dead_planks":17,"minecraft:fern":39}},"DataVersion":3465}