{"stats":{"minecraft:picked_up":{"minecraft:iron_chestplate":3,"securitycraft:reinforced_oak_slab":2,"minecraft:chainmail_boots":1,"spore:infested_dirt":3,"minecraft:stone_slab":5,"minecraft:oak_stairs":13,"minecraft:wither_rose":17,"minecraft:enchanted_book":5,"minecraft:golden_sword":3,"minecraft:string":8,"minecraft:soul_soil":1,"minecraft:gold_nugget":15,"minecraft:cobbled_deepslate":91,"minecraft:spruce_planks":23,"spore:infested_sand":10,"securitycraft:reinforced_oak_stairs":3,"minecraft:enchanted_golden_apple":1,"minecraft:coal_block":4,"minecraft:melon_slice":15,"minecraft:golden_helmet":2,"minecraft:jukebox":2,"minecraft:composter":1,"minecraft:waxed_cut_copper_stairs":1,"minecraft:orange_bed":7,"minecraft:iron_block":5,"biomesoplenty:fir_slab":19,"minecraft:blaze_rod":9,"minecraft:snowball":2,"minecraft:birch_log":309,"minecraft:birch_slab":2,"minecraft:water_bucket":4,"minecraft:smoker":1,"biomesoplenty:dead_log":15,"biomesoplenty:fir_sapling":23,"biomesoplenty:fir_log":247,"minecraft:flint":5,"biomesoplenty:fir_stairs":14,"minecraft:lantern":3,"securitycraft:reinforced_stone_button":8,"biomesoplenty:fir_boat":11,"minecraft:dark_oak_sign":14,"minecraft:glowstone_dust":5,"minecraft:pitcher_pod":3,"minecraft:red_terracotta":1,"minecraft:barrel":1,"minecraft:bundle":4,"minecraft:dispenser":3,"minecraft:lever":6,"minecraft:writable_book":1,"minecraft:granite":29,"minecraft:bread":7,"spore:spine_fragment":42,"minecraft:crafting_table":7,"minecraft:purple_wool":6,"minecraft:nether_wart":76,"minecraft:clay_ball":96,"minecraft:leather_leggings":3,"biomesoplenty:fir_door":6,"minecraft:iron_shovel":1,"travelersbackpack:pig":1,"securitycraft:keypad_frame":1,"minecraft:beef":3,"minecraft:spruce_slab":57,"minecraft:minecart":3,"minecraft:chest":1,"minecraft:birch_sapling":91,"minecraft:cherry_button":2,"minecraft:piston":7,"minecraft:egg":5,"spore:tumor":34,"minecraft:polished_deepslate_slab":3,"securitycraft:reinforced_cobblestone":60,"securitycraft:reinforced_birch_planks":70,"minecraft:spruce_fence":2,"minecraft:carrot":619,"minecraft:redstone":3,"minecraft:tnt":1,"minecraft:diamond_chestplate":2,"minecraft:hay_block":5,"tombstone:essence_of_undeath":6,"minecraft:gold_ingot":3,"minecraft:glow_berries":6,"minecraft:white_wool":97,"minecraft:rail":6,"minecraft:stripped_oak_log":1,"minecraft:birch_leaves":264,"spore:rooted_biomass":3,"biomesoplenty:dead_stairs":12,"minecraft:filled_map":1,"minecraft:oak_log":15,"minecraft:lily_pad":1,"minecraft:stone_bricks":2,"minecraft:apple":5,"minecraft:kelp":9,"minecraft:stone_pickaxe":1,"minecraft:cobweb":2,"spore:mutated_fiber":507,"tombstone:bag_of_seeds":1,"minecraft:glass_bottle":1,"biomesoplenty:umbran_log":117,"minecraft:dark_oak_stairs":1,"minecraft:gravel":49,"minecraft:leather_helmet":4,"minecraft:oak_wood":14,"minecraft:painting":1,"minecraft:oak_button":2,"minecraft:melon_seeds":176,"minecraft:hopper":2,"minecraft:ender_pearl":4,"spore:mutated_heart":43,"minecraft:wheat":127,"securitycraft:keypad_item":3,"minecraft:potion":2,"tombstone:grave_key":3,"minecraft:crimson_planks":17,"securitycraft:reinforced_oak_planks":8,"spore:innards":3,"minecraft:raw_copper":9,"minecraft:smooth_stone_slab":7,"minecraft:iron_leggings":1,"biomesoplenty:fir_sign":5,"biomesoplenty:dead_sapling":6,"minecraft:sea_pickle":6,"minecraft:smooth_stone":8,"biomesoplenty:fir_planks":709,"minecraft:cobblestone_slab":9,"minecraft:calcite":3,"biomesoplenty:dead_slab":94,"minecraft:furnace":4,"minecraft:iron_boots":1,"minecraft:stick":779,"minecraft:brown_terracotta":1,"minecraft:oak_fence":34,"minecraft:torch":199,"biomesoplenty:umbran_planks":12,"minecraft:spruce_stairs":7,"minecraft:porkchop":4,"minecraft:crimson_button":2,"tombstone:grave_dust":71,"minecraft:diorite":82,"biomesoplenty:dead_door":7,"minecraft:rotten_flesh":139,"minecraft:obsidian":1,"minecraft:cod":23,"minecraft:cobblestone":1076,"minecraft:leather_chestplate":2,"minecraft:magma_cream":1,"minecraft:andesite":97,"minecraft:potato":206,"spore:brain_remnants":2,"minecraft:tuff":13,"minecraft:lapis_lazuli":68,"minecraft:dirt":1052,"minecraft:name_tag":1,"minecraft:leather_boots":1,"minecraft:glass":7,"minecraft:bone":369,"minecraft:bow":4,"minecraft:wheat_seeds":480,"minecraft:deepslate_brick_slab":11,"minecraft:raw_gold":22,"minecraft:cyan_candle":1,"spore:biomass_block":6,"minecraft:oak_planks":174,"biomesoplenty:toadstool":1,"minecraft:black_terracotta":4,"spore:cerebrum":54,"spore:armor_fragment":187,"minecraft:poisonous_potato":2,"minecraft:sand":21,"minecraft:jungle_planks":104,"biomesoplenty:fir_fence":36,"minecraft:jungle_slab":1,"minecraft:grass_block":2,"minecraft:cyan_bed":21,"minecraft:spectral_arrow":1,"minecraft:mossy_cobblestone":6,"spore:claw_fragment":92,"minecraft:diamond":20,"waystones:waystone":17,"minecraft:soul_lantern":2,"minecraft:crossbow":3,"minecraft:golden_apple":2,"minecraft:spruce_sign":1,"minecraft:emerald":11,"minecraft:oak_sapling":24,"minecraft:oak_leaves":6,"minecraft:charcoal":3,"minecraft:allium":2,"minecraft:azure_bluet":28,"minecraft:chicken":1,"minecraft:ladder":14,"alexscaves:metal_barrel":1,"biomesoplenty:flesh":7,"minecraft:gold_block":2,"minecraft:shield":3,"minecraft:oak_trapdoor":16,"minecraft:birch_fence":7,"minecraft:cyan_carpet":1,"minecraft:candle":4,"minecraft:player_head":1,"minecraft:lectern":108,"minecraft:sugar_cane":5,"minecraft:raw_iron":258,"minecraft:stripped_crimson_hyphae":8,"spore:wing_membrane":14,"minecraft:copper_ingot":1,"minecraft:stone_button":4,"minecraft:purple_terracotta":1,"minecraft:dark_oak_planks":1,"minecraft:arrow":221,"biomesoplenty:umbran_sapling":31,"minecraft:nether_bricks":4,"spore:alveolic_sack":4,"minecraft:dark_oak_button":1,"minecraft:glow_ink_sac":4,"minecraft:salmon":2,"spore:infested_stone":29,"minecraft:leather":4,"minecraft:birch_planks":397,"minecraft:chainmail_chestplate":1,"minecraft:yellow_bed":15,"minecraft:gunpowder":5,"securitycraft:scanner_door_item":1,"minecraft:iron_ingot":16,"minecraft:book":444,"minecraft:oak_slab":118,"minecraft:stone_brick_slab":19,"minecraft:raw_iron_block":11,"minecraft:lava_bucket":1,"biomesoplenty:dead_planks":51,"biomesoplenty:porous_flesh":1,"minecraft:blast_furnace":1,"minecraft:white_bed":13,"minecraft:spider_eye":1,"minecraft:stripped_jungle_log":4,"biomesoplenty:bramble":5,"securitycraft:reinforced_grass_block":1,"minecraft:chainmail_leggings":2,"minecraft:iron_helmet":2,"tombstone:magic_scroll":7,"minecraft:coal":282,"minecraft:wooden_axe":1},"minecraft:killed":{"minecraft:cave_spider":1,"spore:braiomil":3,"spore:leaper":1,"sanitydim:sneaking_terror":1,"minecraft:skeleton":152,"spore:spitter":2,"minecraft:magma_cube":12,"spore:inf_player":4,"spore:inf_wanderer":2,"man:managgresive":2,"spore:scamper":2,"spore:inf_drowned":1,"spore:mound":7,"minecraft:zombie":62,"minecraft:vindicator":94,"minecraft:zoglin":1,"spore:griefer":1,"minecraft:husk":38,"minecraft:frog":2,"man:manfromthefogback":1,"spore:slasher":2,"minecraft:enderman":4,"minecraft:zombified_piglin":40,"minecraft:witch":2,"minecraft:spider":3,"minecraft:illusioner":1,"minecraft:pig":3,"minecraft:zombie_villager":1,"spore:volatile":1,"minecraft:strider":2,"minecraft:creeper":6,"minecraft:sheep":2,"spore:inf_villager":55,"spore:inf_human":54,"minecraft:stray":1,"spore:wendigo":2,"spore:licker":1,"spore:knight":2,"minecraft:blaze":27,"sanitydim:rotting_stalker":1,"spore:inf_vindicator":2,"spore:inquisitor":3,"takesapillage:clay_golem":2,"minecraft:drowned":3,"spore:gastgaber":1,"takesapillage:skirmisher":1,"spore:inf_pillager":49,"spore:busser":1,"minecraft:wither_skeleton":20,"spore:inf_husk":3,"minecraft:villager":10},"minecraft:crafted":{"spore:plated_boots":1,"minecraft:birch_slab":12,"securitycraft:keypad_item":1,"minecraft:cooked_mutton":4,"spore:fleshy_bone":2,"spore:inf_chest":1,"spore:fleshy_claw":3,"minecraft:iron_door":3,"minecraft:wooden_shovel":3,"minecraft:cooked_porkchop":2,"biomesoplenty:dead_boat":1,"spore:spine":2,"spore:armads":1,"minecraft:wooden_hoe":1,"minecraft:iron_pickaxe":7,"spore:plated_muscle":17,"minecraft:iron_block":6,"minecraft:jungle_sign":3,"spore:plated_chest":1,"sanitydim:garland":1,"minecraft:ladder":18,"minecraft:stone_pickaxe":2,"spore:living_chest":1,"minecraft:coal_block":9,"biomesoplenty:dead_planks":52,"biomesoplenty:fir_boat":1,"minecraft:jungle_slab":6,"spore:living_pants":1,"spore:inf_helmet":1,"biomesoplenty:dead_slab":42,"biomesoplenty:fir_fence":54,"minecraft:wooden_axe":3,"minecraft:iron_leggings":1,"spore:nerves":80,"minecraft:oak_planks":20,"minecraft:cobblestone_slab":6,"spore:plated_pants":1,"minecraft:stone":8,"minecraft:heavy_weighted_pressure_plate":1,"minecraft:iron_boots":1,"tombstone:grave_key":1,"biomesoplenty:fir_slab":174,"minecraft:chest":11,"minecraft:birch_button":1,"minecraft:raw_iron_block":9,"minecraft:crafting_table":5,"spore:plated_helmet":1,"minecraft:wooden_pickaxe":1,"minecraft:iron_helmet":2,"minecraft:birch_planks":968,"biomesoplenty:fir_planks":1604,"minecraft:shield":2,"minecraft:stick":20,"minecraft:iron_ingot":210,"spore:hardened_bind":1,"spore:living_helmet":1,"minecraft:shears":2,"biomesoplenty:fir_stairs":136,"minecraft:coal":72,"minecraft:furnace":3,"minecraft:stone_button":8,"securitycraft:keypad_frame":1,"biomesoplenty:dead_stairs":4,"minecraft:iron_axe":4,"spore:armor_plate":14,"minecraft:minecart":1,"biomesoplenty:dead_door":3,"minecraft:cooked_beef":9,"biomesoplenty:umbran_planks":212,"spore:living_core":3,"minecraft:bucket":1,"minecraft:air":0,"biomesoplenty:fir_sign":3,"spore:inf_pants":1,"minecraft:torch":76,"biomesoplenty:fir_fence_gate":1},"minecraft:mined":{"minecraft:dark_oak_planks":2,"spore:fungal_roots":1,"minecraft:white_bed":13,"minecraft:cyan_candle_cake":1,"spore:wall_growths":21,"minecraft:black_terracotta":4,"spore:infested_cobblestone":1,"minecraft:granite":22,"biomesoplenty:bramble":5,"biomesoplenty:fir_slab":16,"minecraft:coal_block":4,"minecraft:nether_wart":28,"minecraft:spawner":7,"minecraft:cobbled_deepslate":36,"minecraft:fire":51,"minecraft:barrel":1,"biomesoplenty:dead_door":5,"minecraft:deepslate_lapis_ore":5,"spore:growth_mycelium":11,"minecraft:polished_deepslate_slab":2,"biomesoplenty:webbing":1,"minecraft:oak_stairs":13,"minecraft:iron_block":4,"minecraft:player_head":1,"minecraft:orange_bed":8,"minecraft:smoker":1,"minecraft:torch":37,"minecraft:blast_furnace":1,"minecraft:melon":3,"minecraft:glass":3,"spore:biomass_block":7,"minecraft:cyan_bed":20,"spore:fungal_stem_sapling":1,"minecraft:wheat":131,"minecraft:jukebox":2,"minecraft:wither_rose":15,"minecraft:grass":167,"biomesoplenty:dead_log":14,"spore:hanging_fungal_stem":16,"minecraft:piston":6,"minecraft:deepslate":46,"spore:remains":13,"minecraft:mossy_cobblestone":6,"spore:brain_remnants":2,"alexscaves:metal_barrel":1,"minecraft:nether_bricks":2,"minecraft:spruce_fence":2,"minecraft:jungle_planks":100,"minecraft:redstone_wire":1,"spore:rooted_biomass":3,"spore:growths_small":13,"spore:rotten_planks":2,"spore:blomfung":11,"minecraft:andesite":78,"biomesoplenty:fir_wall_sign":2,"biomesoplenty:flesh":7,"minecraft:potatoes":55,"minecraft:cobblestone_slab":9,"minecraft:rail":1,"spore:underwater_fungal_stem":10,"minecraft:white_wool":95,"minecraft:cake":7,"biomesoplenty:porous_flesh":1,"minecraft:oak_slab":55,"minecraft:stone_brick_slab":19,"biomesoplenty:fir_planks":249,"minecraft:campfire":3,"minecraft:copper_ore":2,"minecraft:deepslate_gold_ore":2,"minecraft:diorite":77,"minecraft:purple_wool":6,"minecraft:red_terracotta":1,"minecraft:birch_leaves":285,"spore:fungal_stem_top":3,"minecraft:mycelium":45,"minecraft:gravel":19,"minecraft:brown_terracotta":1,"biomesoplenty:dead_planks":51,"minecraft:stone_bricks":4,"minecraft:gold_ore":10,"minecraft:fern":2,"spore:infested_sand":10,"minecraft:spruce_planks":23,"minecraft:attached_melon_stem":1,"minecraft:oak_sapling":1,"minecraft:jungle_slab":1,"spore:underwater_fungal_stem_top":4,"biomesoplenty:umbran_planks":12,"minecraft:stripped_crimson_hyphae":8,"minecraft:grass_block":437,"spore:fungal_stem":8,"minecraft:composter":1,"spore:infested_dirt":4,"spore:mycelium_veins":199,"minecraft:smooth_stone":8,"minecraft:raw_iron_block":1,"minecraft:glowstone":2,"minecraft:iron_ore":171,"spore:infested_stone":43,"minecraft:azure_bluet":19,"minecraft:dark_oak_stairs":1,"minecraft:spruce_slab":36,"minecraft:waxed_cut_copper_stairs":1,"minecraft:melon_stem":105,"spore:biomass_lump":1,"spore:growths_big":15,"minecraft:clay":22,"minecraft:calcite":9,"minecraft:chest":1,"minecraft:cobblestone":107,"minecraft:oak_planks":172,"minecraft:wall_torch":61,"minecraft:powered_rail":1,"minecraft:dark_oak_slab":1,"minecraft:birch_log":306,"minecraft:blue_ice":36,"biomesoplenty:hair":1,"biomesoplenty:umbran_log":117,"biomesoplenty:fir_log":180,"biomesoplenty:clover":78,"minecraft:oak_log":10,"minecraft:sand":6,"minecraft:dirt":132,"minecraft:crimson_planks":12,"minecraft:dispenser":3,"minecraft:oak_leaves":14,"minecraft:tuff":11,"spore:wall_growths_big":15,"minecraft:deepslate_diamond_ore":10,"minecraft:lever":3,"minecraft:ladder":7,"minecraft:chiseled_bookshelf":1,"minecraft:purple_terracotta":1,"biomesoplenty:bush":2,"minecraft:white_stained_glass":1,"minecraft:soul_campfire":1,"minecraft:birch_slab":2,"minecraft:hay_block":5,"minecraft:deepslate_brick_slab":8,"minecraft:oak_trapdoor":16,"minecraft:furnace":4,"minecraft:carrots":168,"spore:rotten_log":11,"minecraft:gold_block":2,"minecraft:bookshelf":148,"minecraft:deepslate_iron_ore":61,"biomesoplenty:fir_stairs":13,"minecraft:lantern":2,"minecraft:stripped_jungle_log":6,"minecraft:packed_ice":2,"minecraft:stone":821,"minecraft:oak_fence":28,"minecraft:crafting_table":7,"minecraft:oak_wood":10,"biomesoplenty:dead_stairs":6,"minecraft:lectern":109,"minecraft:stone_slab":2,"minecraft:deepslate_coal_ore":2,"biomesoplenty:sprout":1,"biomesoplenty:huge_clover_petal":36,"minecraft:lily_pad":1,"minecraft:spruce_stairs":5,"minecraft:birch_planks":383,"biomesoplenty:dead_slab":8,"biomesoplenty:fir_fence":4,"spore:bloomfung2":15,"minecraft:yellow_bed":15,"minecraft:coal_ore":221,"biomesoplenty:fir_leaves":3,"minecraft:cyan_carpet":1,"minecraft:birch_fence":5},"minecraft:broken":{"minecraft:wooden_shovel":3,"minecraft:shears":1,"minecraft:iron_boots":1,"spore:inf_boots":1,"minecraft:iron_leggings":1,"spore:inf_helmet":1,"minecraft:wooden_pickaxe":1,"minecraft:iron_axe":3,"spore:plated_boots":1,"minecraft:iron_pickaxe":4,"minecraft:iron_helmet":1,"minecraft:iron_shovel":1,"sanitydim:garland":1,"minecraft:stone_pickaxe":1,"minecraft:stone_axe":2,"minecraft:wooden_axe":2,"spore:inf_pants":1},"minecraft:custom":{"minecraft:interact_with_crafting_table":149,"minecraft:open_barrel":273,"minecraft:eat_cake_slice":4,"minecraft:leave_game":31,"minecraft:time_since_death":4248,"minecraft:damage_blocked_by_shield":2475,"minecraft:play_time":2192293,"minecraft:deaths":54,"tombstone:tomb_raiding":1,"minecraft:jump":14432,"minecraft:interact_with_furnace":102,"minecraft:interact_with_cartography_table":1,"minecraft:sleep_in_bed":64,"minecraft:waystone_activated":28,"minecraft:damage_dealt":92651,"tombstone:undead_killed":319,"minecraft:interact_with_smoker":1,"minecraft:inspect_dispenser":32,"minecraft:interact_with_anvil":11,"minecraft:inspect_hopper":11,"minecraft:sneak_time":79589,"minecraft:interact_with_blast_furnace":6,"minecraft:total_world_time":2192293,"tombstone:raider_killed":98,"minecraft:tune_noteblock":2,"minecraft:time_since_rest":3945,"minecraft:swim_one_cm":368646,"minecraft:fly_one_cm":3649236,"minecraft:open_chest":769,"minecraft:fall_one_cm":234871,"minecraft:animals_bred":6,"minecraft:sprint_one_cm":2139406,"minecraft:drop":374,"minecraft:play_noteblock":1,"minecraft:talked_to_villager":382,"minecraft:interact_with_brewingstand":4,"minecraft:walk_on_water_one_cm":808417,"minecraft:open_enderchest":3,"minecraft:player_kills":23,"minecraft:crouch_one_cm":84373,"tombstone:villager_killed":10,"minecraft:mob_kills":751,"minecraft:damage_dealt_resisted":459,"minecraft:climb_one_cm":49991,"minecraft:walk_one_cm":6034624,"minecraft:walk_under_water_one_cm":1500820,"minecraft:boat_one_cm":60,"minecraft:damage_taken":26016,"minecraft:trigger_trapped_chest":8,"minecraft:minecart_one_cm":60},"minecraft:dropped":{"biomesoplenty:fir_log":44,"minecraft:diamond":4,"minecraft:rail":1,"minecraft:leather_helmet":2,"minecraft:red_mushroom":1,"minecraft:dirt":139,"securitycraft:keypad_frame":1,"minecraft:cherry_button":1,"minecraft:gold_nugget":2,"minecraft:dark_oak_planks":1,"minecraft:bone":60,"minecraft:waxed_cut_copper_stairs":1,"minecraft:lever":4,"minecraft:cobbled_deepslate":14,"minecraft:birch_sapling":6,"minecraft:rotten_flesh":24,"minecraft:oak_planks":3,"minecraft:salmon":2,"securitycraft:scanner_door_item":3,"minecraft:leather_leggings":2,"minecraft:spruce_slab":24,"minecraft:glass":1,"spore:armor_fragment":1,"minecraft:enchanted_book":1,"biomesoplenty:dead_door":2,"minecraft:wheat_seeds":9,"minecraft:oak_fence":1,"minecraft:iron_helmet":3,"minecraft:cobblestone":16,"minecraft:apple":1,"minecraft:stripped_jungle_log":1,"minecraft:coal":2,"minecraft:wooden_hoe":1,"minecraft:wooden_axe":1,"biomesoplenty:fir_door":2,"minecraft:string":1,"alexscaves:tripodfish":1,"minecraft:lily_pad":1,"minecraft:stone_brick_slab":1,"minecraft:stone_sword":1,"minecraft:dark_oak_sign":9,"minecraft:iron_boots":1,"minecraft:stone_slab":2,"minecraft:nether_bricks":2,"minecraft:sea_pickle":3,"minecraft:stone_bricks":1,"minecraft:barrel":1,"minecraft:bow":4,"minecraft:cyan_bed":2,"spore:spine_fragment":2,"minecraft:candle":4,"minecraft:birch_planks":1,"minecraft:oak_log":5,"minecraft:baked_potato":2,"minecraft:ender_pearl":1,"minecraft:jungle_planks":2,"biomesoplenty:fir_sapling":1,"minecraft:cod":6,"minecraft:flint":1,"minecraft:birch_log":1,"minecraft:gravel":1,"minecraft:black_terracotta":2,"minecraft:gunpowder":2,"minecraft:oak_wood":3,"minecraft:melon_seeds":2,"minecraft:arrow":31,"minecraft:bread":22,"minecraft:oak_slab":19,"minecraft:golden_helmet":2,"minecraft:mossy_cobblestone":1,"minecraft:minecart":2,"minecraft:spectral_arrow":1,"biomesoplenty:fir_slab":1,"minecraft:stick":2,"minecraft:iron_block":2,"tombstone:grave_key":3,"minecraft:melon_slice":12,"tombstone:grave_dust":6,"minecraft:iron_leggings":1,"minecraft:bucket":1,"minecraft:farmland":1,"minecraft:anvil":1,"minecraft:kelp":5,"minecraft:oak_trapdoor":1,"minecraft:jukebox":1,"minecraft:tuff":1,"biomesoplenty:dead_slab":46,"minecraft:composter":1,"minecraft:crimson_button":1,"minecraft:filled_map":2,"biomesoplenty:dead_sapling":1,"biomesoplenty:fir_planks":261,"minecraft:oak_button":1,"minecraft:iron_chestplate":1,"minecraft:oak_sapling":13,"minecraft:stone_pickaxe":2},"minecraft:used":{"minecraft:dispenser":20,"minecraft:spruce_slab":11,"minecraft:ladder":31,"minecraft:chest":37,"minecraft:stone":656,"minecraft:farmland":104,"securitycraft:reinforced_deepslate_bricks":341,"sanitydim:garland":1,"securitycraft:keypad_item":22,"minecraft:jungle_slab":103,"minecraft:deepslate_brick_slab":535,"minecraft:snowball":17,"spore:infected_bow":791,"minecraft:lava_bucket":165,"minecraft:villager_spawn_egg":9,"minecraft:grass_block":654,"minecraft:birch_sapling":53,"alexscaves:metal_barrel":2,"minecraft:bow":190,"minecraft:oak_sapling":53,"minecraft:furnace":12,"minecraft:egg":2,"minecraft:potato":238,"minecraft:diorite":12,"minecraft:wooden_pickaxe":59,"securitycraft:keypad_frame":8,"minecraft:sand":229,"securitycraft:reinforced_ladder":28,"minecraft:purple_terracotta":1,"securitycraft:reinforced_oak_slab":161,"minecraft:birch_fence":26,"minecraft:birch_slab":482,"minecraft:lectern":128,"biomesoplenty:fir_stairs":149,"minecraft:soul_lantern":1,"biomesoplenty:dead_door":6,"minecraft:diamond_sword":480,"biomesoplenty:fir_sign":16,"minecraft:oak_trapdoor":86,"spore:infected_human_spawnegg":3,"securitycraft:bucket_f_lava":4,"takesapillage:skirmisher_spawn_egg":1,"spore:inf_helmet":1,"minecraft:orange_bed":7,"minecraft:torch":907,"minecraft:brewing_stand":1,"minecraft:anvil":3,"spore:inf_pants":1,"securitycraft:reinforced_dirt":97,"securitycraft:reinforced_birch_stairs":2,"minecraft:iron_axe":831,"minecraft:smooth_quartz":10,"minecraft:barrel":7,"minecraft:melon_seeds":106,"tombstone:gift":14,"minecraft:trapped_chest":1,"minecraft:cobbled_deepslate":58,"minecraft:calcite":3,"minecraft:wheat_seeds":347,"minecraft:water_bucket":232,"securitycraft:reinforced_oak_planks":584,"minecraft:birch_planks":1543,"securitycraft:scanner_door_item":6,"minecraft:deepslate_bricks":212,"minecraft:snow_golem_spawn_egg":1,"securitycraft:cobblestone_mine":1,"minecraft:polished_deepslate_slab":2,"minecraft:mossy_cobblestone":2,"minecraft:rail":3,"biomesoplenty:fir_slab":861,"minecraft:tnt":1,"minecraft:crafting_table":13,"minecraft:oak_slab":106,"minecraft:white_bed":12,"minecraft:campfire":29,"minecraft:cake":1,"minecraft:oak_log":1,"minecraft:diamond_pickaxe":296,"minecraft:stripped_jungle_log":7,"minecraft:oak_button":4,"minecraft:iron_pickaxe":1460,"minecraft:pig_spawn_egg":6,"minecraft:cobblestone":773,"minecraft:potion":4,"minecraft:cooked_porkchop":93,"biomesoplenty:fir_log":3,"minecraft:jukebox":2,"minecraft:iron_shovel":216,"spore:hinden_spawnegg":1,"minecraft:diamond_hoe":334,"minecraft:shield":32,"travelersbackpack:pig":4,"minecraft:jungle_planks":841,"minecraft:nether_bricks":2,"minecraft:carrot":363,"minecraft:tuff":9,"minecraft:obsidian":63,"minecraft:milk_bucket":8,"minecraft:glass":90,"minecraft:lantern":2,"minecraft:iron_helmet":1,"minecraft:stone_bricks":1,"minecraft:birch_button":1,"spore:inf_chest":1,"minecraft:hay_block":2,"biomesoplenty:fir_fence_gate":1,"biomesoplenty:fir_fence":26,"minecraft:zoglin_spawn_egg":1,"spore:armads":1792,"minecraft:birch_leaves":6,"minecraft:stone_pickaxe":362,"minecraft:oak_planks":207,"minecraft:ender_pearl":2,"minecraft:sandstone":1,"biomesoplenty:fir_planks":2671,"biomesoplenty:fir_boat":10,"minecraft:white_wool":14,"minecraft:crossbow":1,"biomesoplenty:dead_planks":64,"securitycraft:reinforced_hopper":15,"minecraft:shears":366,"minecraft:black_terracotta":2,"waystones:waystone":24,"minecraft:lever":33,"biomesoplenty:umbran_planks":62,"securitycraft:reinforced_grass_block":254,"minecraft:bread":38,"minecraft:cyan_bed":16,"spore:overgrown_spawner":1,"tombstone:grave_key":23,"minecraft:iron_door":5,"minecraft:deepslate":18,"minecraft:gravel":10,"minecraft:jungle_sign":2,"minecraft:andesite":73,"minecraft:smooth_stone_slab":7,"minecraft:coarse_dirt":3,"minecraft:bone_meal":93,"minecraft:flint_and_steel":14,"minecraft:cracked_deepslate_bricks":1,"minecraft:redstone":4,"minecraft:spruce_planks":43,"minecraft:wooden_shovel":181,"minecraft:cooked_chicken":4,"minecraft:dirt":1254,"minecraft:hopper":10,"minecraft:spruce_stairs":5,"minecraft:oak_wood":6,"biomesoplenty:dead_boat":1,"minecraft:brown_terracotta":1,"minecraft:stone_brick_slab":125,"minecraft:wooden_axe":170,"minecraft:oak_stairs":13,"spore:infested_dirt":3,"minecraft:smooth_sandstone":5,"biomesoplenty:dead_stairs":6,"securitycraft:reinforced_birch_slab":625,"biomesoplenty:dead_slab":8,"minecraft:crimson_planks":13,"minecraft:minecart":2,"minecraft:cooked_beef":15,"minecraft:cooked_mutton":4,"securitycraft:reinforced_cobblestone":8,"minecraft:baked_potato":18,"minecraft:spruce_sign":1,"minecraft:cobblestone_slab":130,"minecraft:vindicator_spawn_egg":4,"tombstone:bag_of_seeds":1,"minecraft:wooden_hoe":33,"minecraft:apple":8,"man:manfromthefogback_spawn_egg":4,"minecraft:stone_axe":391,"biomesoplenty:fir_door":22,"minecraft:stripped_crimson_hyphae":5,"minecraft:cobbled_deepslate_slab":3,"minecraft:bucket":139,"securitycraft:reinforced_birch_planks":2515,"minecraft:yellow_bed":11,"minecraft:pumpkin_pie":7,"minecraft:wither_rose":7,"securitycraft:reinforced_oak_stairs":67},"minecraft:killed_by":{"spore:inquisitor":1,"spore:inf_pillager":1,"minecraft:vindicator":2,"minecraft:zombie":2,"takesapillage:clay_golem":1,"minecraft:husk":1,"spore:busser":2,"spore:sieger":2,"minecraft:wither_skeleton":1,"minecraft:creeper":2,"man:managgresive":6,"spore:inf_player":3,"spore:inf_villager":1,"minecraft:blaze":1,"minecraft:illusioner":1,"minecraft:player":2,"minecraft:skeleton":6}},"DataVersion":3465}