{"stats":{"minecraft:picked_up":{"minecraft:crafting_table":5,"spore:mutated_heart":2,"minecraft:wheat":3,"minecraft:purple_wool":1,"minecraft:chicken":7,"spore:infested_dirt":11,"tombstone:grave_key":1,"minecraft:string":6,"biomesoplenty:fir_door":1,"biomesoplenty:dead_sapling":4,"minecraft:cobbled_deepslate":160,"spore:ice_canister":1,"minecraft:bucket":1,"biomesoplenty:fir_planks":8,"minecraft:spruce_planks":3,"minecraft:beef":14,"minecraft:cyan_wool":2,"minecraft:spruce_slab":1,"minecraft:coal_block":1,"minecraft:furnace":5,"minecraft:egg":3,"spore:tumor":2,"minecraft:stick":32,"minecraft:raw_iron":24,"minecraft:torch":17,"minecraft:porkchop":5,"minecraft:diorite":17,"minecraft:warped_button":2,"minecraft:redstone":36,"spore:infested_gravel":1,"minecraft:stone_sword":1,"minecraft:arrow":2,"minecraft:rotten_flesh":10,"minecraft:mutton":16,"minecraft:snowball":8,"minecraft:white_wool":10,"minecraft:cobblestone":202,"minecraft:oxeye_daisy":1,"minecraft:feather":5,"minecraft:andesite":30,"spore:infested_stone":18,"minecraft:leather":11,"biomesoplenty:fir_sapling":45,"minecraft:acacia_wood":7,"minecraft:potato":18,"biomesoplenty:dead_log":5,"minecraft:filled_map":1,"biomesoplenty:fir_log":225,"minecraft:flint":5,"minecraft:tuff":51,"minecraft:oak_log":23,"minecraft:gunpowder":6,"biomesoplenty:fir_stairs":1,"minecraft:dirt":22,"minecraft:white_banner":1,"minecraft:bone":2,"minecraft:acacia_planks":3,"minecraft:apple":1,"minecraft:bow":3,"minecraft:wheat_seeds":18,"minecraft:raw_gold":29,"minecraft:iron_ingot":1,"minecraft:stone_pickaxe":1,"spore:mutated_fiber":13,"minecraft:iron_sword":1,"minecraft:oak_planks":6,"biomesoplenty:toadstool":3,"spore:cerebrum":1,"minecraft:sweet_berries":7,"spore:armor_fragment":3,"minecraft:gravel":1,"minecraft:jungle_planks":9,"minecraft:blast_furnace":2,"minecraft:white_bed":24,"minecraft:spruce_log":7,"minecraft:cyan_bed":1,"minecraft:spider_eye":3,"minecraft:mossy_cobblestone":2,"spore:claw_fragment":4,"minecraft:oak_wood":1,"minecraft:diamond":3,"minecraft:stone_axe":2,"minecraft:chainmail_leggings":1,"minecraft:crossbow":1,"minecraft:emerald":1,"minecraft:baked_potato":1,"minecraft:oak_sapling":1,"minecraft:coal":48,"minecraft:ender_pearl":1},"minecraft:killed":{"minecraft:cave_spider":1,"minecraft:witch":1,"minecraft:spider":4,"minecraft:skeleton":1,"spore:griefer":1,"minecraft:chicken":7,"spore:spitter":1,"minecraft:pig":2,"spore:inf_player":2,"spore:inf_drowned":1,"minecraft:creeper":4,"spore:inf_pillager":18,"minecraft:sheep":5,"spore:inf_villager":7,"minecraft:goat":1,"minecraft:zombie":7,"spore:inf_human":16,"spore:busser":1,"minecraft:cow":8},"minecraft:crafted":{"minecraft:oak_planks":84,"minecraft:coal":9,"minecraft:cooked_chicken":4,"minecraft:furnace":5,"minecraft:cooked_mutton":16,"minecraft:iron_boots":1,"minecraft:stone_pickaxe":4,"minecraft:chest":2,"minecraft:cooked_beef":13,"biomesoplenty:dead_planks":20,"biomesoplenty:fir_boat":1,"minecraft:crafting_table":8,"minecraft:spruce_planks":28,"minecraft:wooden_pickaxe":1,"minecraft:baked_potato":16,"minecraft:stone_axe":9,"minecraft:bread":1,"biomesoplenty:fir_planks":428,"minecraft:iron_chestplate":2,"minecraft:shield":2,"minecraft:stick":48,"minecraft:iron_ingot":27,"minecraft:iron_pickaxe":3,"minecraft:stone_sword":2,"minecraft:gold_ingot":2,"minecraft:white_bed":3,"minecraft:acacia_planks":28,"minecraft:torch":60},"minecraft:mined":{"spore:fungal_roots":7,"minecraft:tuff":50,"spore:wall_growths_big":24,"minecraft:white_bed":24,"spore:wall_growths":30,"minecraft:mossy_cobblestone":1,"minecraft:deepslate_diamond_ore":3,"spore:infested_cobblestone":1,"spore:underwater_fungal_stem_top":3,"spore:infested_gravel":1,"minecraft:glow_lichen":2,"biomesoplenty:dead_leaves":1,"minecraft:grass_block":6,"minecraft:jungle_planks":16,"spore:fungal_stem":43,"minecraft:oxeye_daisy":2,"spore:growths_small":37,"spore:infested_dirt":8,"spore:rotten_planks":1,"spore:mycelium_veins":82,"minecraft:furnace":4,"minecraft:iron_ore":18,"biomesoplenty:toadstool":3,"spore:blomfung":26,"spore:rotten_log":2,"minecraft:cobbled_deepslate":25,"spore:infested_stone":15,"minecraft:acacia_wood":7,"minecraft:andesite":30,"spore:growth_mycelium":43,"minecraft:potatoes":5,"biomesoplenty:high_grass":8,"biomesoplenty:fir_stairs":1,"minecraft:deepslate_iron_ore":8,"minecraft:packed_ice":17,"spore:underwater_fungal_stem":1,"minecraft:stone":167,"minecraft:deepslate_redstone_ore":11,"spore:growths_big":64,"minecraft:crafting_table":5,"minecraft:torch":3,"minecraft:blast_furnace":2,"minecraft:emerald_ore":1,"minecraft:oak_wood":1,"biomesoplenty:fir_planks":9,"minecraft:poppy":1,"biomesoplenty:high_grass_plant":18,"minecraft:tall_grass":6,"minecraft:cobblestone":32,"minecraft:deepslate_coal_ore":1,"biomesoplenty:sprout":1,"minecraft:deepslate_gold_ore":22,"minecraft:cyan_bed":1,"minecraft:oak_planks":8,"minecraft:diorite":12,"spore:fungal_stem_sapling":1,"minecraft:purple_wool":1,"minecraft:cyan_wool":3,"spore:bloomfung2":95,"minecraft:wheat":3,"minecraft:sweet_berry_bush":3,"minecraft:blue_ice":22,"minecraft:spruce_log":7,"minecraft:birch_leaves":2,"biomesoplenty:fir_log":279,"spore:fungal_stem_top":2,"minecraft:grass":76,"biomesoplenty:dead_log":5,"minecraft:oak_log":23,"minecraft:coal_ore":47,"minecraft:mycelium":1,"biomesoplenty:fir_leaves":2,"minecraft:gravel":2,"minecraft:dirt":10,"spore:hanging_fungal_stem":6,"biomesoplenty:fir_sapling":1,"minecraft:acacia_planks":3,"spore:remains":1,"minecraft:oak_leaves":1,"minecraft:deepslate":55,"biomesoplenty:reed":2,"minecraft:fern":25},"minecraft:broken":{"minecraft:iron_chestplate":1,"minecraft:iron_leggings":1,"minecraft:stone_pickaxe":1,"minecraft:stone_axe":2},"minecraft:custom":{"minecraft:interact_with_smithing_table":2,"minecraft:mob_kills":99,"minecraft:interact_with_crafting_table":57,"minecraft:leave_game":9,"minecraft:time_since_death":19116,"minecraft:climb_one_cm":7155,"minecraft:sprint_one_cm":703569,"minecraft:walk_one_cm":1002024,"minecraft:drop":54,"minecraft:play_time":339868,"minecraft:deaths":26,"minecraft:sneak_time":13943,"minecraft:walk_under_water_one_cm":97500,"minecraft:boat_one_cm":332007,"minecraft:jump":6965,"minecraft:interact_with_blast_furnace":6,"minecraft:walk_on_water_one_cm":99310,"minecraft:total_world_time":339868,"minecraft:interact_with_furnace":96,"tombstone:raider_killed":1,"minecraft:interact_with_loom":1,"minecraft:sleep_in_bed":44,"minecraft:waystone_activated":5,"minecraft:time_since_rest":1863,"minecraft:damage_taken":9002,"minecraft:damage_dealt":7396,"minecraft:player_kills":3,"minecraft:swim_one_cm":6686,"minecraft:fly_one_cm":927333,"minecraft:crouch_one_cm":42325,"minecraft:open_chest":79,"tombstone:undead_killed":8,"minecraft:interact_with_smoker":2,"minecraft:fall_one_cm":134183},"minecraft:dropped":{"biomesoplenty:fir_log":14,"minecraft:wheat_seeds":14,"minecraft:diamond":1,"minecraft:feather":2,"minecraft:leather":5,"biomesoplenty:fir_sapling":23,"minecraft:torch":11,"tombstone:grave_key":1,"spore:infested_stone":6,"minecraft:iron_pickaxe":1,"minecraft:string":2,"minecraft:white_wool":1,"minecraft:bucket":1,"minecraft:acacia_planks":1,"minecraft:redstone":13,"minecraft:stone_axe":3,"spore:ice_canister":2,"minecraft:stone_sword":1,"minecraft:cobbled_deepslate":3,"minecraft:tuff":49,"minecraft:rotten_flesh":8,"minecraft:oak_planks":2,"spore:cerebrum":1,"spore:mutated_fiber":2,"minecraft:filled_map":1,"biomesoplenty:dead_sapling":4,"minecraft:spider_eye":3,"minecraft:warped_button":2,"minecraft:spruce_slab":1,"minecraft:bow":1,"minecraft:arrow":1,"minecraft:stone_pickaxe":2,"minecraft:wooden_pickaxe":1,"spore:armor_fragment":3},"minecraft:used":{"minecraft:chest":2,"minecraft:spruce_planks":3,"minecraft:iron_sword":117,"minecraft:rotten_flesh":2,"minecraft:iron_chestplate":1,"minecraft:torch":63,"minecraft:dirt":21,"minecraft:jungle_planks":7,"minecraft:tuff":1,"minecraft:cyan_wool":2,"minecraft:lava_bucket":3,"spore:infested_stone":12,"biomesoplenty:fir_sapling":15,"minecraft:bow":116,"minecraft:sweet_berries":10,"minecraft:furnace":9,"tombstone:gift":3,"minecraft:egg":3,"minecraft:cooked_beef":10,"minecraft:cobbled_deepslate":208,"minecraft:acacia_planks":24,"minecraft:cooked_mutton":16,"minecraft:diorite":17,"minecraft:baked_potato":13,"minecraft:stone_pickaxe":179,"minecraft:snow_block":30,"minecraft:oak_planks":70,"minecraft:wooden_pickaxe":10,"biomesoplenty:fir_planks":113,"biomesoplenty:fir_boat":1,"minecraft:mossy_cobblestone":2,"minecraft:crafting_table":13,"minecraft:blast_furnace":1,"minecraft:white_bed":26,"minecraft:oak_log":3,"spore:infested_gravel":1,"minecraft:bread":3,"minecraft:cyan_bed":1,"minecraft:iron_pickaxe":542,"biomesoplenty:fir_stairs":1,"minecraft:stone_axe":766,"minecraft:gravel":10,"biomesoplenty:toadstool":3,"biomesoplenty:fir_door":2,"minecraft:cobblestone":305,"minecraft:cooked_porkchop":10,"minecraft:andesite":30,"minecraft:bucket":3,"biomesoplenty:fir_log":4,"minecraft:chainmail_leggings":1},"minecraft:killed_by":{"minecraft:player":6,"spore:busser":5,"minecraft:pillager":2,"sanitydim:rotting_stalker":1,"spore:sieger":1,"man:managgresive":2,"sanitydim:sneaking_terror":2,"spore:braiomil":1,"spore:wendigo":1}},"DataVersion":3465}